 size,  time, cycle, instr, L1_miss, LLC_miss, br_miss,  task,          scale,   IPC,   CPU,   GHz 
10000, 0.891, 4.002, 5.001,   0.000,    0.000,   0.000, 0.891, 1000000000.000, 1.250, 1.000, 4.490 
20000, 0.891, 4.002, 5.001,   0.000,    0.000,   0.000, 0.891, 1000000000.000, 1.250, 1.000, 4.491 
30000, 0.891, 4.003, 5.001,   0.000,    0.000,   0.000, 0.891, 1000000000.000, 1.249, 1.000, 4.491 
40000, 1.370, 6.155, 5.002,   0.251,    0.000,   0.000, 1.370, 1000000000.000, 0.813, 1.000, 4.491 
50000, 1.743, 7.830, 5.002,   0.388,    0.000,   0.000, 1.743, 1000000000.000, 0.639, 1.000, 4.491 
60000, 2.030, 9.052, 5.003,   0.506,    0.000,   0.000, 2.030, 1000000000.000, 0.553, 1.000, 4.459 
70000, 2.183, 9.804, 5.003,   0.579,    0.000,   0.000, 2.183, 1000000000.000, 0.510, 1.000, 4.491 
80000, 2.313, 10.323, 5.003,   0.630,    0.000,   0.000, 2.313, 1000000000.000, 0.485, 1.000, 4.463 
90000, 2.393, 10.748, 5.003,   0.672,    0.000,   0.000, 2.393, 1000000000.000, 0.466, 1.000, 4.491 
100000, 2.478, 11.122, 5.004,   0.710,    0.000,   0.000, 2.476, 1000000000.000, 0.450, 0.999, 4.491 
110000, 2.538, 11.399, 5.003,   0.736,    0.000,   0.000, 2.538, 1000000000.000, 0.439, 1.000, 4.491 
120000, 2.581, 11.591, 5.003,   0.755,    0.000,   0.000, 2.581, 1000000000.000, 0.432, 1.000, 4.491 
130000, 2.633, 11.758, 5.003,   0.772,    0.000,   0.000, 2.633, 1000000000.000, 0.426, 1.000, 4.466 
140000, 2.667, 11.978, 5.003,   0.793,    0.000,   0.000, 2.667, 1000000000.000, 0.418, 1.000, 4.491 
150000, 2.715, 12.128, 5.004,   0.809,    0.000,   0.000, 2.715, 1000000000.000, 0.413, 1.000, 4.467 
160000, 2.728, 12.252, 5.003,   0.819,    0.000,   0.000, 2.728, 1000000000.000, 0.408, 1.000, 4.491 
170000, 2.747, 12.339, 5.004,   0.830,    0.000,   0.000, 2.747, 1000000000.000, 0.406, 1.000, 4.492 
180000, 2.766, 12.424, 5.004,   0.838,    0.000,   0.000, 2.766, 1000000000.000, 0.403, 1.000, 4.492 
190000, 2.787, 12.515, 5.004,   0.847,    0.000,   0.000, 2.786, 1000000000.000, 0.400, 1.000, 4.491 
200000, 2.800, 12.577, 5.004,   0.853,    0.000,   0.000, 2.800, 1000000000.000, 0.398, 1.000, 4.492 
210000, 2.822, 12.674, 5.004,   0.862,    0.000,   0.000, 2.822, 1000000000.000, 0.395, 1.000, 4.491 
220000, 2.833, 12.726, 5.004,   0.868,    0.000,   0.000, 2.833, 1000000000.000, 0.393, 1.000, 4.492 
230000, 2.847, 12.785, 5.004,   0.873,    0.000,   0.000, 2.847, 1000000000.000, 0.391, 1.000, 4.491 
240000, 2.912, 13.072, 5.004,   0.881,    0.000,   0.000, 2.912, 1000000000.000, 0.383, 1.000, 4.489 
250000, 2.874, 12.909, 5.004,   0.883,    0.000,   0.000, 2.874, 1000000000.000, 0.388, 1.000, 4.491 
260000, 2.875, 12.911, 5.004,   0.886,    0.000,   0.000, 2.875, 1000000000.000, 0.388, 1.000, 4.491 
270000, 2.884, 12.953, 5.004,   0.891,    0.000,   0.000, 2.884, 1000000000.000, 0.386, 1.000, 4.492 
280000, 2.894, 12.996, 5.004,   0.894,    0.000,   0.000, 2.894, 1000000000.000, 0.385, 1.000, 4.491 
290000, 2.900, 13.025, 5.004,   0.898,    0.000,   0.000, 2.900, 1000000000.000, 0.384, 1.000, 4.492 
300000, 2.971, 13.344, 5.004,   0.902,    0.000,   0.000, 2.971, 1000000000.000, 0.375, 1.000, 4.491 
310000, 3.010, 13.518, 5.004,   0.905,    0.000,   0.000, 3.010, 1000000000.000, 0.370, 1.000, 4.492 
320000, 3.106, 13.951, 5.004,   0.910,    0.000,   0.000, 3.106, 1000000000.000, 0.359, 1.000, 4.492 
330000, 3.124, 14.030, 5.004,   0.911,    0.000,   0.000, 3.124, 1000000000.000, 0.357, 1.000, 4.492 
340000, 3.169, 14.232, 5.004,   0.913,    0.000,   0.000, 3.169, 1000000000.000, 0.352, 1.000, 4.492 
350000, 3.226, 14.489, 5.004,   0.916,    0.000,   0.000, 3.226, 1000000000.000, 0.345, 1.000, 4.491 
360000, 3.263, 14.657, 5.004,   0.918,    0.000,   0.000, 3.263, 1000000000.000, 0.341, 1.000, 4.492 
370000, 3.317, 14.895, 5.004,   0.920,    0.000,   0.000, 3.316, 1000000000.000, 0.336, 1.000, 4.491 
380000, 3.348, 15.037, 5.004,   0.921,    0.000,   0.000, 3.348, 1000000000.000, 0.333, 1.000, 4.492 
390000, 3.389, 15.219, 5.004,   0.923,    0.000,   0.000, 3.388, 1000000000.000, 0.329, 1.000, 4.491 
400000, 3.428, 15.394, 5.005,   0.925,    0.000,   0.000, 3.428, 1000000000.000, 0.325, 1.000, 4.491 
410000, 3.469, 15.580, 5.004,   0.927,    0.001,   0.000, 3.469, 1000000000.000, 0.321, 1.000, 4.491 
420000, 3.506, 15.723, 5.006,   0.930,    0.000,   0.000, 3.501, 1000000000.000, 0.318, 0.998, 4.491 
440000, 3.563, 16.004, 5.005,   0.933,    0.000,   0.000, 3.563, 1000000000.000, 0.313, 1.000, 4.491 
430000, 3.698, 16.607, 5.005,   0.932,    0.022,   0.000, 3.697, 1000000000.000, 0.301, 1.000, 4.492 
450000, 3.589, 16.121, 5.005,   0.935,    0.000,   0.000, 3.589, 1000000000.000, 0.310, 1.000, 4.492 
460000, 3.716, 16.688, 5.005,   0.937,    0.011,   0.000, 3.715, 1000000000.000, 0.300, 1.000, 4.491 
470000, 3.647, 16.381, 5.005,   0.938,    0.000,   0.000, 3.647, 1000000000.000, 0.306, 1.000, 4.492 
480000, 3.672, 16.491, 5.005,   0.939,    0.000,   0.000, 3.672, 1000000000.000, 0.303, 1.000, 4.492 
490000, 3.698, 16.608, 5.005,   0.941,    0.000,   0.000, 3.698, 1000000000.000, 0.301, 1.000, 4.492 
510000, 3.745, 16.818, 5.005,   0.943,    0.000,   0.000, 3.744, 1000000000.000, 0.298, 1.000, 4.491 
500000, 3.873, 17.395, 5.005,   0.942,    0.019,   0.000, 3.873, 1000000000.000, 0.288, 1.000, 4.492 
520000, 3.836, 17.230, 5.005,   0.945,    0.009,   0.000, 3.836, 1000000000.000, 0.290, 1.000, 4.492 
530000, 3.790, 17.023, 5.005,   0.946,    0.000,   0.000, 3.790, 1000000000.000, 0.294, 1.000, 4.491 
540000, 4.016, 18.036, 5.005,   0.947,    0.026,   0.000, 4.015, 1000000000.000, 0.278, 1.000, 4.492 
550000, 3.890, 17.473, 5.005,   0.947,    0.008,   0.000, 3.890, 1000000000.000, 0.286, 1.000, 4.491 
560000, 3.919, 17.599, 5.005,   0.948,    0.009,   0.000, 3.918, 1000000000.000, 0.284, 1.000, 4.491 
570000, 3.997, 17.950, 5.005,   0.949,    0.017,   0.000, 3.996, 1000000000.000, 0.279, 1.000, 4.491 
580000, 3.884, 17.443, 5.005,   0.949,    0.001,   0.000, 3.884, 1000000000.000, 0.287, 1.000, 4.491 
600000, 3.977, 17.862, 5.005,   0.951,    0.008,   0.000, 3.977, 1000000000.000, 0.280, 1.000, 4.492 
610000, 4.109, 18.457, 5.005,   0.952,    0.023,   0.000, 4.109, 1000000000.000, 0.271, 1.000, 4.492 
590000, 4.286, 19.248, 5.006,   0.950,    0.049,   0.000, 4.285, 1000000000.000, 0.260, 1.000, 4.491 
630000, 4.020, 18.054, 5.005,   0.953,    0.008,   0.000, 4.020, 1000000000.000, 0.277, 1.000, 4.492 
620000, 4.053, 18.205, 5.005,   0.953,    0.013,   0.000, 4.053, 1000000000.000, 0.275, 1.000, 4.491 
640000, 4.079, 18.315, 5.005,   0.955,    0.011,   0.000, 4.078, 1000000000.000, 0.273, 1.000, 4.491 
650000, 4.094, 18.387, 5.005,   0.955,    0.014,   0.000, 4.094, 1000000000.000, 0.272, 1.000, 4.492 
670000, 4.071, 18.283, 5.005,   0.956,    0.007,   0.000, 4.071, 1000000000.000, 0.274, 1.000, 4.492 
660000, 4.441, 19.945, 5.006,   0.955,    0.056,   0.000, 4.441, 1000000000.000, 0.251, 1.000, 4.491 
680000, 4.247, 19.076, 5.006,   0.956,    0.028,   0.000, 4.247, 1000000000.000, 0.262, 1.000, 4.492 
690000, 4.271, 19.184, 5.006,   0.957,    0.029,   0.000, 4.271, 1000000000.000, 0.261, 1.000, 4.491 
700000, 4.210, 18.910, 5.005,   0.958,    0.020,   0.000, 4.210, 1000000000.000, 0.265, 1.000, 4.492 
710000, 4.277, 19.207, 5.006,   0.959,    0.027,   0.000, 4.276, 1000000000.000, 0.261, 1.000, 4.491 
720000, 4.288, 19.257, 5.006,   0.959,    0.027,   0.000, 4.288, 1000000000.000, 0.260, 1.000, 4.491 
740000, 4.371, 19.630, 5.006,   0.961,    0.033,   0.000, 4.370, 1000000000.000, 0.255, 1.000, 4.492 
730000, 4.549, 20.429, 5.006,   0.960,    0.058,   0.000, 4.548, 1000000000.000, 0.245, 1.000, 4.491 
750000, 4.508, 20.245, 5.006,   0.961,    0.050,   0.000, 4.507, 1000000000.000, 0.247, 1.000, 4.492 
780000, 4.329, 19.438, 5.006,   0.963,    0.024,   0.000, 4.329, 1000000000.000, 0.258, 1.000, 4.490 
760000, 4.624, 20.768, 5.006,   0.962,    0.064,   0.000, 4.624, 1000000000.000, 0.241, 1.000, 4.492 
770000, 4.701, 21.113, 5.006,   0.962,    0.072,   0.000, 4.701, 1000000000.000, 0.237, 1.000, 4.491 
800000, 4.604, 20.676, 5.006,   0.964,    0.056,   0.000, 4.603, 1000000000.000, 0.242, 1.000, 4.491 
790000, 4.795, 21.536, 5.006,   0.963,    0.082,   0.000, 4.795, 1000000000.000, 0.232, 1.000, 4.491 
810000, 4.873, 21.886, 5.006,   0.964,    0.089,   0.000, 4.873, 1000000000.000, 0.229, 1.000, 4.492 
820000, 4.771, 21.428, 5.006,   0.964,    0.075,   0.000, 4.771, 1000000000.000, 0.234, 1.000, 4.492 
830000, 4.697, 21.096, 5.006,   0.965,    0.065,   0.000, 4.697, 1000000000.000, 0.237, 1.000, 4.491 
840000, 4.498, 20.202, 5.006,   0.965,    0.039,   0.000, 4.498, 1000000000.000, 0.248, 1.000, 4.492 
850000, 4.891, 21.967, 5.007,   0.966,    0.087,   0.000, 4.891, 1000000000.000, 0.228, 1.000, 4.491 
860000, 4.601, 20.663, 5.006,   0.966,    0.050,   0.000, 4.601, 1000000000.000, 0.242, 1.000, 4.492 
870000, 4.770, 21.422, 5.006,   0.967,    0.070,   0.000, 4.770, 1000000000.000, 0.234, 1.000, 4.491 
880000, 5.062, 22.733, 5.006,   0.967,    0.106,   0.000, 5.061, 1000000000.000, 0.220, 1.000, 4.491 
890000, 4.983, 22.382, 5.007,   0.967,    0.095,   0.000, 4.983, 1000000000.000, 0.224, 1.000, 4.492 
900000, 4.932, 22.152, 5.006,   0.968,    0.088,   0.000, 4.932, 1000000000.000, 0.226, 1.000, 4.491 
910000, 4.898, 21.997, 5.006,   0.968,    0.083,   0.000, 4.897, 1000000000.000, 0.228, 1.000, 4.492 
920000, 4.904, 22.025, 5.007,   0.969,    0.082,   0.000, 4.904, 1000000000.000, 0.227, 1.000, 4.492 
940000, 5.060, 22.726, 5.006,   0.969,    0.100,   0.000, 5.060, 1000000000.000, 0.220, 1.000, 4.491 
930000, 5.262, 23.634, 5.007,   0.970,    0.122,   0.000, 5.262, 1000000000.000, 0.212, 1.000, 4.492 
950000, 5.290, 23.755, 5.007,   0.970,    0.128,   0.000, 5.289, 1000000000.000, 0.211, 1.000, 4.491 
960000, 5.325, 23.910, 5.007,   0.971,    0.128,   0.000, 5.325, 1000000000.000, 0.209, 1.000, 4.490 
970000, 5.265, 23.649, 5.007,   0.970,    0.124,   0.000, 5.265, 1000000000.000, 0.212, 1.000, 4.492 
980000, 5.488, 24.650, 5.007,   0.970,    0.151,   0.000, 5.488, 1000000000.000, 0.203, 1.000, 4.492 
990000, 5.295, 23.781, 5.007,   0.971,    0.126,   0.000, 5.295, 1000000000.000, 0.211, 1.000, 4.491 
1000000, 5.412, 24.307, 5.007,   0.971,    0.139,   0.000, 5.412, 1000000000.000, 0.206, 1.000, 4.492 
1020000, 5.359, 24.070, 5.007,   0.972,    0.131,   0.000, 5.359, 1000000000.000, 0.208, 1.000, 4.492 
1010000, 5.566, 24.997, 5.008,   0.972,    0.158,   0.000, 5.565, 1000000000.000, 0.200, 1.000, 4.491 
1030000, 5.306, 23.831, 5.007,   0.972,    0.124,   0.000, 5.306, 1000000000.000, 0.210, 1.000, 4.491 
1040000, 5.528, 24.829, 5.007,   0.973,    0.151,   0.000, 5.528, 1000000000.000, 0.202, 1.000, 4.491 
1060000, 5.655, 25.395, 5.007,   0.973,    0.166,   0.000, 5.655, 1000000000.000, 0.197, 1.000, 4.491 
1050000, 5.774, 25.934, 5.008,   0.973,    0.181,   0.000, 5.774, 1000000000.000, 0.193, 1.000, 4.492 
1070000, 5.793, 26.017, 5.007,   0.973,    0.182,   0.000, 5.792, 1000000000.000, 0.192, 1.000, 4.492 
1080000, 5.770, 25.914, 5.007,   0.974,    0.178,   0.000, 5.769, 1000000000.000, 0.193, 1.000, 4.492 
1100000, 5.419, 24.338, 5.007,   0.974,    0.133,   0.000, 5.419, 1000000000.000, 0.206, 1.000, 4.492 
1090000, 5.664, 25.441, 5.007,   0.974,    0.165,   0.000, 5.664, 1000000000.000, 0.197, 1.000, 4.491 
1120000, 5.501, 24.708, 5.007,   0.975,    0.142,   0.000, 5.501, 1000000000.000, 0.203, 1.000, 4.491 
1110000, 5.734, 25.743, 5.008,   0.974,    0.171,   0.000, 5.732, 1000000000.000, 0.195, 1.000, 4.491 
1130000, 5.930, 26.636, 5.007,   0.975,    0.196,   0.000, 5.930, 1000000000.000, 0.188, 1.000, 4.492 
1150000, 5.883, 26.423, 5.008,   0.976,    0.188,   0.000, 5.883, 1000000000.000, 0.190, 1.000, 4.491 
1140000, 6.013, 27.007, 5.008,   0.975,    0.205,   0.000, 6.013, 1000000000.000, 0.185, 1.000, 4.492 
1160000, 5.791, 26.010, 5.008,   0.976,    0.176,   0.000, 5.791, 1000000000.000, 0.193, 1.000, 4.492 
1180000, 5.647, 25.363, 5.007,   0.976,    0.156,   0.000, 5.647, 1000000000.000, 0.197, 1.000, 4.491 
1170000, 6.068, 27.256, 5.008,   0.976,    0.210,   0.000, 6.068, 1000000000.000, 0.184, 1.000, 4.492 
1190000, 6.075, 27.284, 5.008,   0.976,    0.210,   0.000, 6.075, 1000000000.000, 0.184, 1.000, 4.491 
1200000, 6.082, 27.314, 5.007,   0.977,    0.210,   0.000, 6.081, 1000000000.000, 0.183, 1.000, 4.491 
1210000, 6.249, 28.068, 5.008,   0.977,    0.231,   0.000, 6.249, 1000000000.000, 0.178, 1.000, 4.491 
1220000, 6.449, 28.967, 5.008,   0.977,    0.255,   0.000, 6.449, 1000000000.000, 0.173, 1.000, 4.492 
1230000, 6.197, 27.835, 5.008,   0.977,    0.223,   0.000, 6.197, 1000000000.000, 0.180, 1.000, 4.492 
1240000, 6.441, 28.928, 5.008,   0.978,    0.253,   0.000, 6.441, 1000000000.000, 0.173, 1.000, 4.492 
1250000, 6.420, 28.837, 5.008,   0.978,    0.250,   0.000, 6.420, 1000000000.000, 0.174, 1.000, 4.492 
1260000, 6.237, 28.013, 5.008,   0.978,    0.227,   0.000, 6.237, 1000000000.000, 0.179, 1.000, 4.491 
1270000, 6.634, 29.797, 5.008,   0.978,    0.276,   0.000, 6.634, 1000000000.000, 0.168, 1.000, 4.491 
1280000, 6.732, 30.222, 5.009,   0.978,    0.287,   0.000, 6.729, 1000000000.000, 0.166, 1.000, 4.491 
1290000, 6.699, 30.089, 5.009,   0.978,    0.283,   0.000, 6.699, 1000000000.000, 0.166, 1.000, 4.492 
1300000, 6.449, 28.961, 5.008,   0.978,    0.250,   0.000, 6.449, 1000000000.000, 0.173, 1.000, 4.491 
1310000, 6.689, 30.045, 5.009,   0.979,    0.281,   0.000, 6.689, 1000000000.000, 0.167, 1.000, 4.492 
1320000, 6.575, 29.531, 5.008,   0.979,    0.266,   0.000, 6.575, 1000000000.000, 0.170, 1.000, 4.492 
1330000, 6.776, 30.431, 5.009,   0.979,    0.291,   0.000, 6.775, 1000000000.000, 0.165, 1.000, 4.491 
1340000, 6.620, 29.733, 5.009,   0.979,    0.271,   0.000, 6.620, 1000000000.000, 0.168, 1.000, 4.492 
1350000, 6.608, 29.677, 5.008,   0.979,    0.269,   0.000, 6.607, 1000000000.000, 0.169, 1.000, 4.491 
1360000, 6.790, 30.495, 5.008,   0.979,    0.291,   0.000, 6.790, 1000000000.000, 0.164, 1.000, 4.491 
1370000, 6.717, 30.166, 5.009,   0.979,    0.282,   0.000, 6.717, 1000000000.000, 0.166, 1.000, 4.491 
1380000, 6.992, 31.405, 5.009,   0.979,    0.316,   0.000, 6.992, 1000000000.000, 0.159, 1.000, 4.492 
1390000, 6.975, 31.322, 5.009,   0.979,    0.314,   0.000, 6.975, 1000000000.000, 0.160, 1.000, 4.491 
1400000, 6.909, 31.031, 5.009,   0.980,    0.305,   0.000, 6.909, 1000000000.000, 0.161, 1.000, 4.492 
1410000, 6.841, 30.724, 5.009,   0.980,    0.296,   0.000, 6.840, 1000000000.000, 0.163, 1.000, 4.492 
1420000, 7.026, 31.557, 5.009,   0.980,    0.318,   0.000, 7.026, 1000000000.000, 0.159, 1.000, 4.491 
1430000, 7.416, 33.308, 5.009,   0.980,    0.366,   0.000, 7.416, 1000000000.000, 0.150, 1.000, 4.491 
1440000, 7.195, 32.312, 5.009,   0.980,    0.339,   0.000, 7.194, 1000000000.000, 0.155, 1.000, 4.491 
1450000, 6.981, 31.354, 5.009,   0.981,    0.312,   0.000, 6.981, 1000000000.000, 0.160, 1.000, 4.492 
1460000, 7.060, 31.707, 5.009,   0.980,    0.321,   0.000, 7.060, 1000000000.000, 0.158, 1.000, 4.491 
1470000, 7.030, 31.574, 5.009,   0.981,    0.317,   0.000, 7.030, 1000000000.000, 0.159, 1.000, 4.492 
1480000, 7.159, 32.155, 5.009,   0.981,    0.333,   0.000, 7.159, 1000000000.000, 0.156, 1.000, 4.492 
1490000, 7.255, 32.584, 5.009,   0.981,    0.344,   0.000, 7.255, 1000000000.000, 0.154, 1.000, 4.491 
1500000, 7.268, 32.646, 5.010,   0.981,    0.346,   0.000, 7.268, 1000000000.000, 0.153, 1.000, 4.492 
1510000, 7.272, 32.659, 5.009,   0.981,    0.346,   0.000, 7.271, 1000000000.000, 0.153, 1.000, 4.491 
1520000, 7.430, 33.368, 5.009,   0.981,    0.365,   0.000, 7.429, 1000000000.000, 0.150, 1.000, 4.491 
1530000, 7.380, 33.144, 5.010,   0.981,    0.359,   0.000, 7.379, 1000000000.000, 0.151, 1.000, 4.491 
1540000, 7.552, 33.915, 5.010,   0.982,    0.380,   0.000, 7.552, 1000000000.000, 0.148, 1.000, 4.491 
1550000, 7.419, 33.318, 5.009,   0.982,    0.363,   0.000, 7.419, 1000000000.000, 0.150, 1.000, 4.491 
1560000, 7.431, 33.369, 5.009,   0.982,    0.364,   0.000, 7.431, 1000000000.000, 0.150, 1.000, 4.491 
1570000, 7.575, 34.021, 5.009,   0.982,    0.382,   0.000, 7.574, 1000000000.000, 0.147, 1.000, 4.492 
1580000, 7.524, 33.793, 5.009,   0.982,    0.375,   0.000, 7.524, 1000000000.000, 0.148, 1.000, 4.491 
1600000, 7.562, 33.963, 5.009,   0.982,    0.379,   0.000, 7.562, 1000000000.000, 0.147, 1.000, 4.491 
1590000, 7.718, 34.661, 5.010,   0.982,    0.399,   0.000, 7.717, 1000000000.000, 0.145, 1.000, 4.491 
1610000, 7.625, 34.246, 5.010,   0.982,    0.387,   0.000, 7.625, 1000000000.000, 0.146, 1.000, 4.492 
1620000, 7.625, 34.247, 5.010,   0.982,    0.387,   0.000, 7.625, 1000000000.000, 0.146, 1.000, 4.491 
1630000, 7.682, 34.503, 5.010,   0.983,    0.393,   0.000, 7.682, 1000000000.000, 0.145, 1.000, 4.492 
1640000, 7.709, 34.624, 5.009,   0.983,    0.397,   0.000, 7.709, 1000000000.000, 0.145, 1.000, 4.492 
1650000, 7.726, 34.700, 5.010,   0.983,    0.398,   0.000, 7.726, 1000000000.000, 0.144, 1.000, 4.491 
1660000, 7.804, 35.049, 5.010,   0.983,    0.408,   0.000, 7.803, 1000000000.000, 0.143, 1.000, 4.492 
1670000, 7.904, 35.498, 5.010,   0.983,    0.420,   0.000, 7.904, 1000000000.000, 0.141, 1.000, 4.491 
1680000, 7.906, 35.506, 5.010,   0.983,    0.418,   0.000, 7.905, 1000000000.000, 0.141, 1.000, 4.491 
1690000, 7.881, 35.394, 5.010,   0.983,    0.417,   0.000, 7.880, 1000000000.000, 0.142, 1.000, 4.491 
1700000, 7.941, 35.667, 5.010,   0.984,    0.424,   0.000, 7.941, 1000000000.000, 0.140, 1.000, 4.492 
1710000, 7.924, 35.591, 5.010,   0.984,    0.422,   0.000, 7.924, 1000000000.000, 0.141, 1.000, 4.492 
1720000, 8.010, 35.974, 5.010,   0.984,    0.431,   0.000, 8.009, 1000000000.000, 0.139, 1.000, 4.492 
1730000, 7.988, 35.877, 5.010,   0.984,    0.429,   0.000, 7.988, 1000000000.000, 0.140, 1.000, 4.492 
1740000, 8.008, 35.968, 5.010,   0.984,    0.431,   0.000, 8.008, 1000000000.000, 0.139, 1.000, 4.491 
1750000, 8.059, 36.194, 5.011,   0.984,    0.437,   0.000, 8.058, 1000000000.000, 0.138, 1.000, 4.491 
1760000, 8.079, 36.286, 5.010,   0.984,    0.439,   0.000, 8.079, 1000000000.000, 0.138, 1.000, 4.491 
1770000, 8.077, 36.276, 5.010,   0.984,    0.439,   0.000, 8.077, 1000000000.000, 0.138, 1.000, 4.492 
1780000, 8.111, 36.427, 5.010,   0.984,    0.443,   0.000, 8.110, 1000000000.000, 0.138, 1.000, 4.491 
1790000, 8.148, 36.594, 5.010,   0.984,    0.447,   0.000, 8.147, 1000000000.000, 0.137, 1.000, 4.492 
1800000, 8.187, 36.770, 5.010,   0.985,    0.452,   0.000, 8.186, 1000000000.000, 0.136, 1.000, 4.492 
1810000, 8.239, 37.006, 5.010,   0.985,    0.458,   0.000, 8.239, 1000000000.000, 0.135, 1.000, 4.491 
1820000, 8.204, 36.848, 5.010,   0.985,    0.454,   0.000, 8.204, 1000000000.000, 0.136, 1.000, 4.492 
1830000, 8.259, 37.094, 5.010,   0.985,    0.460,   0.000, 8.259, 1000000000.000, 0.135, 1.000, 4.491 
1840000, 8.269, 37.138, 5.010,   0.985,    0.460,   0.000, 8.269, 1000000000.000, 0.135, 1.000, 4.491 
1850000, 8.337, 37.445, 5.010,   0.985,    0.469,   0.000, 8.337, 1000000000.000, 0.134, 1.000, 4.491 
1860000, 8.324, 37.388, 5.011,   0.985,    0.468,   0.000, 8.324, 1000000000.000, 0.134, 1.000, 4.492 
1870000, 8.357, 37.533, 5.011,   0.985,    0.472,   0.000, 8.356, 1000000000.000, 0.133, 1.000, 4.492 
1880000, 8.351, 37.509, 5.011,   0.985,    0.470,   0.000, 8.351, 1000000000.000, 0.134, 1.000, 4.492 
1890000, 8.402, 37.737, 5.011,   0.985,    0.476,   0.000, 8.402, 1000000000.000, 0.133, 1.000, 4.492 
1900000, 8.446, 37.935, 5.010,   0.985,    0.482,   0.000, 8.446, 1000000000.000, 0.132, 1.000, 4.491 
1910000, 8.484, 38.083, 5.012,   0.985,    0.486,   0.000, 8.479, 1000000000.000, 0.132, 0.999, 4.491 
1920000, 8.478, 38.078, 5.011,   0.985,    0.486,   0.000, 8.478, 1000000000.000, 0.132, 1.000, 4.491 
1930000, 8.485, 38.106, 5.011,   0.986,    0.486,   0.000, 8.484, 1000000000.000, 0.131, 1.000, 4.491 
1940000, 8.550, 38.399, 5.011,   0.986,    0.495,   0.000, 8.549, 1000000000.000, 0.130, 1.000, 4.491 
1950000, 8.552, 38.405, 5.012,   0.986,    0.495,   0.000, 8.552, 1000000000.000, 0.130, 1.000, 4.491 
1960000, 8.587, 38.565, 5.011,   0.986,    0.499,   0.000, 8.587, 1000000000.000, 0.130, 1.000, 4.491 
1970000, 8.610, 38.668, 5.010,   0.986,    0.502,   0.000, 8.609, 1000000000.000, 0.130, 1.000, 4.491 
1980000, 8.592, 38.590, 5.011,   0.986,    0.500,   0.000, 8.592, 1000000000.000, 0.130, 1.000, 4.492 
1990000, 8.621, 38.719, 5.020,   0.986,    0.502,   0.000, 8.621, 1000000000.000, 0.130, 1.000, 4.491 
2000000, 8.646, 38.826, 5.011,   0.986,    0.506,   0.000, 8.646, 1000000000.000, 0.129, 1.000, 4.491 
2010000, 8.739, 39.251, 5.011,   0.986,    0.516,   0.000, 8.739, 1000000000.000, 0.128, 1.000, 4.491 
2020000, 8.747, 39.280, 5.010,   0.986,    0.515,   0.000, 8.747, 1000000000.000, 0.128, 1.000, 4.491 
2040000, 8.753, 39.308, 5.011,   0.986,    0.516,   0.000, 8.753, 1000000000.000, 0.127, 1.000, 4.491 
2030000, 8.761, 39.346, 5.011,   0.986,    0.518,   0.000, 8.760, 1000000000.000, 0.127, 1.000, 4.491 
2060000, 8.776, 39.417, 5.011,   0.987,    0.519,   0.000, 8.776, 1000000000.000, 0.127, 1.000, 4.491 
2050000, 8.793, 39.490, 5.011,   0.986,    0.522,   0.000, 8.792, 1000000000.000, 0.127, 1.000, 4.491 
2070000, 8.852, 39.752, 5.011,   0.987,    0.528,   0.000, 8.852, 1000000000.000, 0.126, 1.000, 4.491 
2090000, 8.888, 39.914, 5.011,   0.987,    0.533,   0.000, 8.888, 1000000000.000, 0.126, 1.000, 4.491 
2080000, 8.889, 39.921, 5.011,   0.987,    0.532,   0.000, 8.889, 1000000000.000, 0.126, 1.000, 4.491 
2100000, 8.890, 39.927, 5.011,   0.987,    0.533,   0.000, 8.890, 1000000000.000, 0.126, 1.000, 4.491 
2130000, 8.944, 40.169, 5.011,   0.987,    0.539,   0.000, 8.943, 1000000000.000, 0.125, 1.000, 4.491 
2110000, 8.950, 40.192, 5.011,   0.987,    0.539,   0.000, 8.950, 1000000000.000, 0.125, 1.000, 4.491 
2140000, 8.977, 40.319, 5.011,   0.987,    0.543,   0.000, 8.977, 1000000000.000, 0.124, 1.000, 4.491 
2120000, 8.989, 40.367, 5.011,   0.987,    0.543,   0.000, 8.989, 1000000000.000, 0.124, 1.000, 4.491 
2160000, 9.054, 40.662, 5.011,   0.987,    0.550,   0.000, 9.054, 1000000000.000, 0.123, 1.000, 4.491 
2150000, 9.060, 40.686, 5.011,   0.987,    0.551,   0.000, 9.059, 1000000000.000, 0.123, 1.000, 4.491 
2180000, 9.036, 40.578, 5.011,   0.987,    0.549,   0.000, 9.036, 1000000000.000, 0.123, 1.000, 4.491 
2170000, 9.071, 40.742, 5.012,   0.987,    0.554,   0.000, 9.071, 1000000000.000, 0.123, 1.000, 4.492 
2190000, 9.088, 40.810, 5.023,   0.988,    0.555,   0.000, 9.087, 1000000000.000, 0.123, 1.000, 4.491 
2200000, 9.108, 40.908, 5.011,   0.988,    0.558,   0.000, 9.108, 1000000000.000, 0.123, 1.000, 4.491 
2210000, 9.145, 41.074, 5.011,   0.988,    0.562,   0.000, 9.145, 1000000000.000, 0.122, 1.000, 4.492 
2220000, 9.171, 41.190, 5.012,   0.988,    0.564,   0.000, 9.171, 1000000000.000, 0.122, 1.000, 4.492 
2230000, 9.222, 41.412, 5.011,   0.988,    0.568,   0.000, 9.221, 1000000000.000, 0.121, 1.000, 4.491 
2240000, 9.191, 41.281, 5.011,   0.988,    0.567,   0.000, 9.191, 1000000000.000, 0.121, 1.000, 4.492 
2260000, 9.212, 41.370, 5.012,   0.988,    0.569,   0.000, 9.212, 1000000000.000, 0.121, 1.000, 4.491 
2270000, 9.201, 41.326, 5.012,   0.988,    0.568,   0.000, 9.201, 1000000000.000, 0.121, 1.000, 4.492 
2250000, 9.275, 41.657, 5.011,   0.988,    0.577,   0.000, 9.275, 1000000000.000, 0.120, 1.000, 4.492 
2280000, 9.259, 41.582, 5.011,   0.988,    0.573,   0.000, 9.259, 1000000000.000, 0.121, 1.000, 4.491 
2290000, 9.279, 41.674, 5.012,   0.988,    0.577,   0.000, 9.279, 1000000000.000, 0.120, 1.000, 4.491 
2300000, 9.373, 42.086, 5.011,   0.989,    0.587,   0.000, 9.373, 1000000000.000, 0.119, 1.000, 4.490 
2320000, 9.315, 41.811, 5.013,   0.988,    0.580,   0.000, 9.310, 1000000000.000, 0.120, 1.000, 4.491 
2310000, 9.357, 42.021, 5.011,   0.989,    0.584,   0.000, 9.357, 1000000000.000, 0.119, 1.000, 4.491 
2330000, 9.306, 41.796, 5.011,   0.988,    0.579,   0.000, 9.306, 1000000000.000, 0.120, 1.000, 4.491 
2340000, 9.297, 41.758, 5.012,   0.989,    0.579,   0.000, 9.297, 1000000000.000, 0.120, 1.000, 4.492 
2350000, 9.330, 41.903, 5.025,   0.989,    0.582,   0.000, 9.330, 1000000000.000, 0.120, 1.000, 4.491 
2360000, 9.363, 42.046, 5.011,   0.989,    0.587,   0.000, 9.362, 1000000000.000, 0.119, 1.000, 4.491 
2370000, 9.329, 41.899, 5.012,   0.989,    0.583,   0.000, 9.329, 1000000000.000, 0.120, 1.000, 4.492 
2380000, 9.378, 42.122, 5.012,   0.989,    0.588,   0.000, 9.378, 1000000000.000, 0.119, 1.000, 4.492 
2390000, 9.394, 42.189, 5.011,   0.989,    0.589,   0.000, 9.394, 1000000000.000, 0.119, 1.000, 4.491 
2400000, 9.415, 42.286, 5.012,   0.989,    0.593,   0.000, 9.415, 1000000000.000, 0.119, 1.000, 4.492 
2410000, 9.453, 42.456, 5.012,   0.989,    0.597,   0.000, 9.452, 1000000000.000, 0.118, 1.000, 4.492 
2420000, 9.424, 42.329, 5.012,   0.989,    0.594,   0.000, 9.424, 1000000000.000, 0.118, 1.000, 4.492 
2430000, 9.464, 42.505, 5.011,   0.989,    0.597,   0.000, 9.464, 1000000000.000, 0.118, 1.000, 4.491 
2440000, 9.477, 42.561, 5.011,   0.989,    0.600,   0.000, 9.476, 1000000000.000, 0.118, 1.000, 4.491 
2450000, 9.461, 42.481, 5.012,   0.989,    0.598,   0.000, 9.461, 1000000000.000, 0.118, 1.000, 4.490 
2460000, 9.484, 42.596, 5.011,   0.989,    0.600,   0.000, 9.484, 1000000000.000, 0.118, 1.000, 4.491 
2470000, 9.536, 42.827, 5.012,   0.989,    0.606,   0.000, 9.536, 1000000000.000, 0.117, 1.000, 4.491 
2480000, 9.543, 42.859, 5.011,   0.989,    0.606,   0.000, 9.543, 1000000000.000, 0.117, 1.000, 4.491 
2500000, 9.551, 42.893, 5.011,   0.989,    0.608,   0.000, 9.550, 1000000000.000, 0.117, 1.000, 4.491 
2490000, 9.589, 43.065, 5.012,   0.989,    0.611,   0.000, 9.589, 1000000000.000, 0.116, 1.000, 4.491 
2510000, 9.583, 43.040, 5.019,   0.989,    0.612,   0.000, 9.583, 1000000000.000, 0.117, 1.000, 4.491 
2520000, 9.569, 42.977, 5.012,   0.989,    0.609,   0.000, 9.569, 1000000000.000, 0.117, 1.000, 4.491 
2530000, 9.617, 43.192, 5.012,   0.989,    0.615,   0.000, 9.616, 1000000000.000, 0.116, 1.000, 4.492 
2540000, 9.651, 43.345, 5.012,   0.989,    0.618,   0.000, 9.650, 1000000000.000, 0.116, 1.000, 4.492 
2550000, 9.634, 43.268, 5.012,   0.989,    0.615,   0.000, 9.634, 1000000000.000, 0.116, 1.000, 4.491 
2560000, 9.695, 43.542, 5.012,   0.989,    0.623,   0.000, 9.694, 1000000000.000, 0.115, 1.000, 4.492 
2570000, 9.662, 43.395, 5.012,   0.989,    0.619,   0.000, 9.662, 1000000000.000, 0.115, 1.000, 4.491 
2580000, 9.684, 43.496, 5.012,   0.990,    0.623,   0.000, 9.684, 1000000000.000, 0.115, 1.000, 4.491 
2590000, 9.687, 43.505, 5.011,   0.990,    0.620,   0.000, 9.687, 1000000000.000, 0.115, 1.000, 4.491 
2610000, 9.701, 43.569, 5.012,   0.990,    0.624,   0.000, 9.700, 1000000000.000, 0.115, 1.000, 4.491 
2600000, 9.737, 43.731, 5.012,   0.990,    0.626,   0.000, 9.737, 1000000000.000, 0.115, 1.000, 4.491 
2620000, 9.720, 43.654, 5.011,   0.990,    0.625,   0.000, 9.720, 1000000000.000, 0.115, 1.000, 4.491 
2630000, 9.764, 43.834, 5.013,   0.990,    0.630,   0.000, 9.760, 1000000000.000, 0.114, 1.000, 4.491 
2640000, 9.770, 43.877, 5.012,   0.990,    0.629,   0.000, 9.770, 1000000000.000, 0.114, 1.000, 4.491 
2650000, 9.793, 43.983, 5.012,   0.990,    0.632,   0.000, 9.793, 1000000000.000, 0.114, 1.000, 4.492 
2660000, 9.848, 44.225, 5.012,   0.990,    0.634,   0.000, 9.847, 1000000000.000, 0.113, 1.000, 4.491 
2670000, 9.914, 44.525, 5.012,   0.990,    0.638,   0.000, 9.914, 1000000000.000, 0.113, 1.000, 4.491 
2690000, 9.843, 44.210, 5.012,   0.990,    0.636,   0.000, 9.843, 1000000000.000, 0.113, 1.000, 4.492 
2680000, 9.944, 44.656, 5.012,   0.990,    0.639,   0.000, 9.943, 1000000000.000, 0.112, 1.000, 4.491 
2700000, 9.895, 44.441, 5.013,   0.990,    0.641,   0.000, 9.894, 1000000000.000, 0.113, 1.000, 4.492 
2710000, 9.922, 44.558, 5.011,   0.990,    0.642,   0.000, 9.921, 1000000000.000, 0.112, 1.000, 4.491 
2720000, 9.870, 44.331, 5.012,   0.990,    0.639,   0.000, 9.870, 1000000000.000, 0.113, 1.000, 4.492 
2740000, 9.891, 44.425, 5.012,   0.990,    0.644,   0.000, 9.891, 1000000000.000, 0.113, 1.000, 4.492 
2750000, 10.010, 44.956, 5.013,   0.990,    0.647,   0.000, 10.010, 1000000000.000, 0.112, 1.000, 4.491 
2760000, 9.927, 44.581, 5.012,   0.990,    0.646,   0.000, 9.927, 1000000000.000, 0.112, 1.000, 4.491 
2730000, 10.133, 45.501, 5.012,   0.991,    0.657,   0.000, 10.133, 1000000000.000, 0.110, 1.000, 4.490 
2770000, 10.037, 45.076, 5.012,   0.990,    0.650,   0.000, 10.037, 1000000000.000, 0.111, 1.000, 4.491 
2780000, 10.049, 45.130, 5.012,   0.990,    0.651,   0.000, 10.049, 1000000000.000, 0.111, 1.000, 4.491 
2800000, 9.964, 44.753, 5.012,   0.990,    0.648,   0.000, 9.964, 1000000000.000, 0.112, 1.000, 4.491 
2790000, 10.032, 45.057, 5.012,   0.991,    0.658,   0.000, 10.031, 1000000000.000, 0.111, 1.000, 4.492 
2810000, 10.140, 45.541, 5.012,   0.990,    0.654,   0.000, 10.139, 1000000000.000, 0.110, 1.000, 4.492 
2840000, 10.033, 45.062, 5.014,   0.990,    0.658,   0.000, 10.033, 1000000000.000, 0.111, 1.000, 4.492 
2830000, 10.291, 46.210, 5.029,   0.991,    0.656,   0.000, 10.290, 1000000000.000, 0.109, 1.000, 4.491 
2860000, 10.087, 45.303, 5.013,   0.991,    0.658,   0.000, 10.086, 1000000000.000, 0.111, 1.000, 4.491 
2820000, 10.506, 47.181, 5.012,   0.991,    0.661,   0.000, 10.506, 1000000000.000, 0.106, 1.000, 4.491 
2880000, 10.070, 45.228, 5.012,   0.991,    0.662,   0.000, 10.070, 1000000000.000, 0.111, 1.000, 4.492 
2870000, 10.177, 45.705, 5.012,   0.991,    0.661,   0.000, 10.177, 1000000000.000, 0.110, 1.000, 4.491 
2850000, 10.498, 47.143, 5.012,   0.991,    0.658,   0.000, 10.497, 1000000000.000, 0.106, 1.000, 4.491 
2890000, 10.157, 45.618, 5.012,   0.991,    0.663,   0.000, 10.156, 1000000000.000, 0.110, 1.000, 4.492 
2910000, 10.145, 45.562, 5.012,   0.991,    0.666,   0.000, 10.144, 1000000000.000, 0.110, 1.000, 4.491 
2900000, 10.233, 45.955, 5.012,   0.991,    0.666,   0.000, 10.232, 1000000000.000, 0.109, 1.000, 4.491 
2920000, 10.399, 46.704, 5.012,   0.991,    0.665,   0.000, 10.399, 1000000000.000, 0.107, 1.000, 4.491 
2950000, 10.201, 45.815, 5.013,   0.991,    0.673,   0.000, 10.200, 1000000000.000, 0.109, 1.000, 4.491 
2960000, 10.237, 45.980, 5.012,   0.991,    0.674,   0.000, 10.237, 1000000000.000, 0.109, 1.000, 4.492 
2930000, 10.525, 47.267, 5.012,   0.991,    0.668,   0.000, 10.525, 1000000000.000, 0.106, 1.000, 4.491 
2940000, 10.463, 46.988, 5.012,   0.991,    0.665,   0.000, 10.463, 1000000000.000, 0.107, 1.000, 4.491 
2970000, 10.385, 46.644, 5.012,   0.991,    0.670,   0.000, 10.385, 1000000000.000, 0.107, 1.000, 4.492 
2980000, 10.321, 46.356, 5.014,   0.991,    0.671,   0.000, 10.321, 1000000000.000, 0.108, 1.000, 4.492 
3000000, 10.275, 46.151, 5.013,   0.991,    0.675,   0.000, 10.275, 1000000000.000, 0.109, 1.000, 4.492 
3020000, 10.380, 46.620, 5.012,   0.991,    0.686,   0.000, 10.380, 1000000000.000, 0.108, 1.000, 4.492 
3050000, 10.373, 46.590, 5.013,   0.991,    0.681,   0.000, 10.373, 1000000000.000, 0.108, 1.000, 4.492 
2990000, 10.743, 48.241, 5.056,   0.992,    0.680,   0.000, 10.742, 1000000000.000, 0.105, 1.000, 4.491 
3030000, 10.518, 47.233, 5.012,   0.991,    0.679,   0.000, 10.518, 1000000000.000, 0.106, 1.000, 4.491 
3010000, 10.703, 48.065, 5.012,   0.991,    0.680,   0.000, 10.703, 1000000000.000, 0.104, 1.000, 4.491 
3060000, 10.387, 46.652, 5.013,   0.991,    0.684,   0.000, 10.387, 1000000000.000, 0.107, 1.000, 4.492 
3040000, 10.734, 48.199, 5.013,   0.991,    0.679,   0.000, 10.733, 1000000000.000, 0.104, 1.000, 4.491 
3080000, 10.478, 47.051, 5.012,   0.991,    0.686,   0.000, 10.478, 1000000000.000, 0.107, 1.000, 4.491 
3090000, 10.377, 46.604, 5.013,   0.992,    0.686,   0.000, 10.376, 1000000000.000, 0.108, 1.000, 4.491 
3070000, 10.713, 48.104, 5.013,   0.992,    0.691,   0.000, 10.713, 1000000000.000, 0.104, 1.000, 4.490 
3100000, 10.402, 46.720, 5.012,   0.991,    0.686,   0.000, 10.402, 1000000000.000, 0.107, 1.000, 4.492 
3110000, 10.693, 48.016, 5.012,   0.992,    0.692,   0.000, 10.692, 1000000000.000, 0.104, 1.000, 4.491 
3120000, 10.706, 48.074, 5.012,   0.991,    0.686,   0.000, 10.706, 1000000000.000, 0.104, 1.000, 4.490 
3140000, 10.680, 47.970, 5.013,   0.992,    0.693,   0.000, 10.680, 1000000000.000, 0.105, 1.000, 4.492 
3130000, 10.864, 48.795, 5.013,   0.992,    0.689,   0.000, 10.864, 1000000000.000, 0.103, 1.000, 4.492 
3150000, 10.788, 48.455, 5.014,   0.992,    0.692,   0.000, 10.788, 1000000000.000, 0.103, 1.000, 4.492 
3160000, 10.609, 47.651, 5.013,   0.992,    0.691,   0.000, 10.609, 1000000000.000, 0.105, 1.000, 4.492 
3170000, 10.558, 47.419, 5.013,   0.992,    0.692,   0.000, 10.558, 1000000000.000, 0.106, 1.000, 4.491 
3180000, 10.808, 48.536, 5.065,   0.993,    0.705,   0.000, 10.808, 1000000000.000, 0.104, 1.000, 4.491 
3200000, 10.817, 48.574, 5.012,   0.992,    0.696,   0.000, 10.816, 1000000000.000, 0.103, 1.000, 4.491 
3190000, 10.902, 48.957, 5.012,   0.992,    0.701,   0.000, 10.901, 1000000000.000, 0.102, 1.000, 4.491 
3210000, 10.751, 48.280, 5.013,   0.992,    0.699,   0.000, 10.750, 1000000000.000, 0.104, 1.000, 4.491 
3220000, 10.856, 48.750, 5.013,   0.992,    0.702,   0.000, 10.855, 1000000000.000, 0.103, 1.000, 4.491 
3230000, 10.814, 48.562, 5.013,   0.992,    0.702,   0.000, 10.814, 1000000000.000, 0.103, 1.000, 4.491 
3240000, 10.822, 48.601, 5.013,   0.992,    0.699,   0.000, 10.821, 1000000000.000, 0.103, 1.000, 4.491 
3260000, 10.750, 48.282, 5.013,   0.992,    0.699,   0.000, 10.750, 1000000000.000, 0.104, 1.000, 4.492 
3250000, 11.153, 50.085, 5.013,   0.992,    0.705,   0.000, 11.153, 1000000000.000, 0.100, 1.000, 4.491 
3280000, 10.905, 48.972, 5.013,   0.992,    0.707,   0.000, 10.905, 1000000000.000, 0.102, 1.000, 4.491 
3270000, 11.216, 50.367, 5.013,   0.992,    0.711,   0.000, 11.216, 1000000000.000, 0.100, 1.000, 4.491 
3290000, 10.905, 48.980, 5.015,   0.992,    0.703,   0.000, 10.905, 1000000000.000, 0.102, 1.000, 4.492 
3300000, 10.912, 49.012, 5.013,   0.992,    0.704,   0.000, 10.912, 1000000000.000, 0.102, 1.000, 4.492 
3310000, 10.828, 48.633, 5.013,   0.992,    0.705,   0.000, 10.828, 1000000000.000, 0.103, 1.000, 4.492 
3320000, 10.866, 48.803, 5.013,   0.992,    0.704,   0.000, 10.866, 1000000000.000, 0.103, 1.000, 4.492 
3330000, 11.326, 50.868, 5.013,   0.992,    0.709,   0.000, 11.325, 1000000000.000, 0.099, 1.000, 4.492 
3370000, 11.180, 50.212, 5.013,   0.992,    0.709,   0.000, 11.179, 1000000000.000, 0.100, 1.000, 4.492 
3340000, 11.324, 50.852, 5.047,   0.993,    0.711,   0.000, 11.324, 1000000000.000, 0.099, 1.000, 4.491 
3350000, 11.340, 50.926, 5.013,   0.992,    0.712,   0.000, 11.340, 1000000000.000, 0.098, 1.000, 4.491 
3380000, 11.201, 50.303, 5.013,   0.992,    0.714,   0.000, 11.201, 1000000000.000, 0.100, 1.000, 4.491 
3360000, 11.579, 51.997, 5.013,   0.992,    0.710,   0.000, 11.578, 1000000000.000, 0.096, 1.000, 4.491 
3410000, 11.311, 50.801, 5.013,   0.992,    0.717,   0.000, 11.310, 1000000000.000, 0.099, 1.000, 4.492 
3400000, 11.435, 51.357, 5.014,   0.992,    0.718,   0.000, 11.434, 1000000000.000, 0.098, 1.000, 4.491 
3390000, 11.821, 53.087, 5.014,   0.993,    0.721,   0.000, 11.821, 1000000000.000, 0.094, 1.000, 4.491 
3420000, 12.065, 54.183, 5.014,   0.993,    0.723,   0.000, 12.065, 1000000000.000, 0.093, 1.000, 4.491 
3430000, 11.938, 53.605, 5.014,   0.992,    0.719,   0.000, 11.938, 1000000000.000, 0.094, 1.000, 4.490 
3440000, 12.080, 54.249, 5.014,   0.993,    0.721,   0.000, 12.080, 1000000000.000, 0.092, 1.000, 4.491 
3450000, 11.913, 53.507, 5.015,   0.993,    0.718,   0.000, 11.913, 1000000000.000, 0.094, 1.000, 4.492 
3460000, 11.935, 53.602, 5.014,   0.992,    0.718,   0.000, 11.934, 1000000000.000, 0.094, 1.000, 4.492 
3480000, 11.978, 53.793, 5.015,   0.993,    0.724,   0.000, 11.978, 1000000000.000, 0.093, 1.000, 4.491 
3510000, 11.412, 51.253, 5.014,   0.992,    0.722,   0.000, 11.412, 1000000000.000, 0.098, 1.000, 4.491 
3490000, 12.005, 53.915, 5.014,   0.993,    0.720,   0.000, 12.004, 1000000000.000, 0.093, 1.000, 4.491 
3550000, 11.358, 51.005, 5.013,   0.993,    0.732,   0.000, 11.358, 1000000000.000, 0.098, 1.000, 4.491 
3500000, 12.118, 54.423, 5.014,   0.993,    0.723,   0.000, 12.117, 1000000000.000, 0.092, 1.000, 4.491 
3520000, 12.116, 54.413, 5.014,   0.993,    0.726,   0.000, 12.116, 1000000000.000, 0.092, 1.000, 4.491 
3470000, 13.189, 59.239, 5.016,   0.993,    0.727,   0.000, 13.189, 1000000000.000, 0.085, 1.000, 4.492 
3540000, 11.854, 53.241, 5.014,   0.993,    0.728,   0.000, 11.854, 1000000000.000, 0.094, 1.000, 4.491 
3530000, 12.028, 53.996, 5.016,   0.993,    0.722,   0.000, 12.023, 1000000000.000, 0.093, 1.000, 4.491 
3570000, 11.631, 52.236, 5.013,   0.993,    0.729,   0.000, 11.631, 1000000000.000, 0.096, 1.000, 4.491 
3560000, 12.175, 54.674, 5.014,   0.993,    0.728,   0.000, 12.174, 1000000000.000, 0.092, 1.000, 4.491 
3580000, 11.623, 52.202, 5.013,   0.993,    0.728,   0.000, 11.623, 1000000000.000, 0.096, 1.000, 4.491 
3590000, 12.077, 54.239, 5.014,   0.993,    0.728,   0.000, 12.077, 1000000000.000, 0.092, 1.000, 4.491 
3600000, 12.706, 57.057, 5.015,   0.993,    0.739,   0.000, 12.706, 1000000000.000, 0.088, 1.000, 4.491 
3610000, 11.857, 53.254, 5.014,   0.993,    0.734,   0.000, 11.857, 1000000000.000, 0.094, 1.000, 4.492 
3620000, 11.954, 53.691, 5.014,   0.993,    0.731,   0.000, 11.954, 1000000000.000, 0.093, 1.000, 4.492 
3630000, 11.810, 53.042, 5.015,   0.993,    0.732,   0.000, 11.809, 1000000000.000, 0.095, 1.000, 4.492 
3640000, 12.134, 54.498, 5.021,   0.993,    0.731,   0.000, 12.134, 1000000000.000, 0.092, 1.000, 4.491 
3700000, 11.659, 52.365, 5.013,   0.993,    0.736,   0.000, 11.659, 1000000000.000, 0.096, 1.000, 4.492 
3670000, 12.189, 54.747, 5.014,   0.993,    0.733,   0.000, 12.189, 1000000000.000, 0.092, 1.000, 4.492 
3660000, 12.392, 55.642, 5.014,   0.993,    0.735,   0.000, 12.391, 1000000000.000, 0.090, 1.000, 4.490 
3710000, 12.101, 54.322, 5.016,   0.993,    0.736,   0.000, 12.096, 1000000000.000, 0.092, 1.000, 4.491 
3680000, 12.441, 55.876, 5.014,   0.993,    0.732,   0.000, 12.441, 1000000000.000, 0.090, 1.000, 4.491 
3690000, 12.441, 55.875, 5.014,   0.993,    0.740,   0.000, 12.440, 1000000000.000, 0.090, 1.000, 4.492 
3650000, 13.178, 59.188, 5.015,   0.993,    0.732,   0.000, 13.178, 1000000000.000, 0.085, 1.000, 4.492 
3720000, 12.613, 56.647, 5.014,   0.993,    0.735,   0.000, 12.612, 1000000000.000, 0.089, 1.000, 4.491 
3740000, 12.061, 54.170, 5.014,   0.993,    0.742,   0.000, 12.061, 1000000000.000, 0.093, 1.000, 4.491 
3730000, 12.756, 57.289, 5.015,   0.993,    0.742,   0.000, 12.755, 1000000000.000, 0.088, 1.000, 4.491 
3750000, 12.219, 54.878, 5.014,   0.993,    0.739,   0.000, 12.219, 1000000000.000, 0.091, 1.000, 4.491 
3760000, 12.980, 58.292, 5.015,   0.993,    0.743,   0.000, 12.979, 1000000000.000, 0.086, 1.000, 4.491 
3770000, 12.112, 54.401, 5.014,   0.993,    0.743,   0.000, 12.112, 1000000000.000, 0.092, 1.000, 4.492 
3780000, 12.036, 54.058, 5.014,   0.993,    0.744,   0.000, 12.035, 1000000000.000, 0.093, 1.000, 4.492 
3790000, 12.723, 57.143, 5.015,   0.993,    0.744,   0.000, 12.723, 1000000000.000, 0.088, 1.000, 4.491 
3810000, 12.201, 54.798, 5.014,   0.993,    0.743,   0.000, 12.200, 1000000000.000, 0.092, 1.000, 4.492 
3820000, 12.387, 55.635, 5.014,   0.993,    0.745,   0.000, 12.387, 1000000000.000, 0.090, 1.000, 4.492 
3800000, 13.184, 59.209, 5.016,   0.993,    0.745,   0.000, 13.183, 1000000000.000, 0.085, 1.000, 4.491 
3850000, 12.468, 55.996, 5.014,   0.993,    0.745,   0.000, 12.468, 1000000000.000, 0.090, 1.000, 4.491 
3860000, 12.877, 57.832, 5.015,   0.993,    0.747,   0.000, 12.876, 1000000000.000, 0.087, 1.000, 4.491 
3890000, 12.216, 54.864, 5.014,   0.993,    0.748,   0.000, 12.216, 1000000000.000, 0.091, 1.000, 4.491 
3870000, 12.994, 58.337, 5.016,   0.993,    0.750,   0.000, 12.990, 1000000000.000, 0.086, 1.000, 4.491 
3830000, 13.851, 62.208, 5.015,   0.993,    0.745,   0.000, 13.851, 1000000000.000, 0.081, 1.000, 4.491 
3840000, 14.151, 63.559, 5.018,   0.993,    0.749,   0.000, 14.151, 1000000000.000, 0.079, 1.000, 4.492 
3910000, 12.927, 58.058, 5.014,   0.993,    0.749,   0.000, 12.927, 1000000000.000, 0.086, 1.000, 4.491 
3880000, 13.926, 62.544, 5.016,   0.993,    0.748,   0.000, 13.926, 1000000000.000, 0.080, 1.000, 4.491 
3920000, 12.072, 54.221, 5.014,   0.993,    0.752,   0.000, 12.072, 1000000000.000, 0.092, 1.000, 4.492 
3900000, 14.568, 65.430, 5.017,   0.993,    0.750,   0.000, 14.568, 1000000000.000, 0.077, 1.000, 4.491 
3930000, 12.886, 57.876, 5.015,   0.993,    0.752,   0.000, 12.886, 1000000000.000, 0.087, 1.000, 4.492 
3940000, 12.943, 58.132, 5.015,   0.993,    0.752,   0.000, 12.943, 1000000000.000, 0.086, 1.000, 4.492 
3950000, 12.810, 57.532, 5.015,   0.993,    0.752,   0.000, 12.809, 1000000000.000, 0.087, 1.000, 4.492 
3960000, 13.017, 58.464, 5.015,   0.993,    0.753,   0.000, 13.016, 1000000000.000, 0.086, 1.000, 4.492 
3980000, 13.363, 60.018, 5.017,   0.994,    0.754,   0.000, 13.363, 1000000000.000, 0.084, 1.000, 4.491 
3970000, 13.533, 60.783, 5.016,   0.993,    0.754,   0.000, 13.533, 1000000000.000, 0.083, 1.000, 4.492 
4030000, 13.324, 59.841, 5.015,   0.994,    0.760,   0.000, 13.324, 1000000000.000, 0.084, 1.000, 4.491 
3990000, 14.464, 64.960, 5.016,   0.994,    0.758,   0.000, 14.463, 1000000000.000, 0.077, 1.000, 4.491 
4020000, 13.673, 61.407, 5.015,   0.994,    0.759,   0.000, 13.672, 1000000000.000, 0.082, 1.000, 4.491 
4010000, 14.266, 64.073, 5.017,   0.994,    0.755,   0.000, 14.266, 1000000000.000, 0.078, 1.000, 4.491 
4060000, 13.168, 59.143, 5.015,   0.994,    0.760,   0.000, 13.168, 1000000000.000, 0.085, 1.000, 4.491 
4070000, 12.678, 56.942, 5.015,   0.994,    0.760,   0.000, 12.678, 1000000000.000, 0.088, 1.000, 4.492 
4050000, 13.896, 62.409, 5.016,   0.994,    0.759,   0.000, 13.895, 1000000000.000, 0.080, 1.000, 4.491 
4040000, 14.999, 67.368, 5.017,   0.994,    0.760,   0.000, 14.999, 1000000000.000, 0.074, 1.000, 4.492 
4000000, 16.506, 74.130, 5.019,   0.994,    0.755,   0.000, 16.505, 1000000000.000, 0.068, 1.000, 4.491 
4080000, 14.409, 64.717, 5.017,   0.994,    0.761,   0.000, 14.409, 1000000000.000, 0.078, 1.000, 4.491 
4110000, 13.130, 58.973, 5.015,   0.994,    0.764,   0.000, 13.130, 1000000000.000, 0.085, 1.000, 4.492 
4100000, 14.188, 63.722, 5.016,   0.994,    0.762,   0.000, 14.187, 1000000000.000, 0.079, 1.000, 4.492 
4090000, 14.767, 66.321, 5.017,   0.994,    0.761,   0.000, 14.766, 1000000000.000, 0.076, 1.000, 4.491 
4130000, 13.680, 61.437, 5.017,   0.994,    0.764,   0.000, 13.680, 1000000000.000, 0.082, 1.000, 4.491 
4140000, 13.935, 62.587, 5.016,   0.994,    0.764,   0.000, 13.934, 1000000000.000, 0.080, 1.000, 4.492 
4120000, 15.261, 68.543, 5.017,   0.994,    0.765,   0.000, 15.261, 1000000000.000, 0.073, 1.000, 4.492 
4180000, 13.638, 61.249, 5.015,   0.994,    0.768,   0.000, 13.638, 1000000000.000, 0.082, 1.000, 4.491 
4160000, 14.360, 64.492, 5.018,   0.994,    0.768,   0.000, 14.360, 1000000000.000, 0.078, 1.000, 4.491 
4170000, 15.626, 70.173, 5.018,   0.994,    0.769,   0.000, 15.625, 1000000000.000, 0.072, 1.000, 4.491 
4210000, 14.427, 64.791, 5.016,   0.994,    0.770,   0.000, 14.426, 1000000000.000, 0.077, 1.000, 4.491 
4190000, 15.586, 69.999, 5.018,   0.994,    0.769,   0.000, 15.586, 1000000000.000, 0.072, 1.000, 4.491 
4150000, 16.468, 73.958, 5.018,   0.994,    0.767,   0.000, 16.468, 1000000000.000, 0.068, 1.000, 4.491 
4200000, 15.526, 69.733, 5.018,   0.994,    0.769,   0.000, 15.525, 1000000000.000, 0.072, 1.000, 4.492 
4220000, 14.953, 67.161, 5.017,   0.994,    0.769,   0.000, 14.953, 1000000000.000, 0.075, 1.000, 4.492 
4230000, 15.666, 70.355, 5.018,   0.994,    0.772,   0.000, 15.665, 1000000000.000, 0.071, 1.000, 4.491 
4240000, 16.239, 72.935, 5.019,   0.994,    0.773,   0.000, 16.238, 1000000000.000, 0.069, 1.000, 4.492 
4250000, 14.982, 67.291, 5.017,   0.994,    0.772,   0.000, 14.982, 1000000000.000, 0.075, 1.000, 4.492 
4260000, 14.674, 65.908, 5.017,   0.994,    0.773,   0.000, 14.674, 1000000000.000, 0.076, 1.000, 4.492 
4270000, 14.988, 67.317, 5.017,   0.994,    0.772,   0.000, 14.987, 1000000000.000, 0.075, 1.000, 4.492 
4290000, 14.012, 62.932, 5.016,   0.994,    0.771,   0.000, 14.011, 1000000000.000, 0.080, 1.000, 4.492 
4310000, 14.027, 62.999, 5.016,   0.994,    0.775,   0.000, 14.027, 1000000000.000, 0.080, 1.000, 4.491 
4300000, 15.890, 71.370, 5.018,   0.994,    0.776,   0.000, 15.890, 1000000000.000, 0.070, 1.000, 4.492 
4280000, 16.790, 75.408, 5.035,   0.995,    0.775,   0.000, 16.790, 1000000000.000, 0.067, 1.000, 4.491 
4320000, 15.338, 68.887, 5.020,   0.994,    0.776,   0.000, 15.338, 1000000000.000, 0.073, 1.000, 4.491 
4350000, 14.827, 66.593, 5.017,   0.994,    0.779,   0.000, 14.827, 1000000000.000, 0.075, 1.000, 4.491 
4340000, 16.489, 74.056, 5.018,   0.994,    0.776,   0.000, 16.489, 1000000000.000, 0.068, 1.000, 4.491 
4370000, 16.594, 74.532, 5.019,   0.994,    0.778,   0.000, 16.594, 1000000000.000, 0.067, 1.000, 4.492 
4330000, 17.606, 79.070, 5.020,   0.994,    0.778,   0.000, 17.605, 1000000000.000, 0.063, 1.000, 4.491 
4360000, 18.946, 85.091, 5.021,   0.994,    0.776,   0.000, 18.946, 1000000000.000, 0.059, 1.000, 4.491 
4380000, 19.036, 85.498, 5.023,   0.995,    0.778,   0.000, 19.035, 1000000000.000, 0.059, 1.000, 4.492 
4400000, 16.762, 75.286, 5.019,   0.994,    0.782,   0.000, 16.762, 1000000000.000, 0.067, 1.000, 4.492 
4390000, 18.417, 82.716, 5.021,   0.994,    0.781,   0.000, 18.417, 1000000000.000, 0.061, 1.000, 4.491 
4430000, 14.690, 65.977, 5.017,   0.994,    0.779,   0.000, 14.689, 1000000000.000, 0.076, 1.000, 4.492 
4420000, 15.796, 70.949, 5.018,   0.995,    0.781,   0.000, 15.796, 1000000000.000, 0.071, 1.000, 4.492 
4410000, 17.109, 76.844, 5.019,   0.995,    0.782,   0.000, 17.109, 1000000000.000, 0.065, 1.000, 4.492 
4440000, 15.846, 71.170, 5.018,   0.994,    0.782,   0.000, 15.845, 1000000000.000, 0.071, 1.000, 4.492 
4460000, 14.817, 66.548, 5.017,   0.995,    0.781,   0.000, 14.816, 1000000000.000, 0.075, 1.000, 4.492 
4450000, 16.308, 73.241, 5.018,   0.994,    0.783,   0.000, 16.307, 1000000000.000, 0.069, 1.000, 4.491 
4480000, 15.369, 69.023, 5.017,   0.994,    0.785,   0.000, 15.368, 1000000000.000, 0.073, 1.000, 4.491 
4470000, 16.792, 75.414, 5.091,   0.996,    0.787,   0.000, 16.791, 1000000000.000, 0.068, 1.000, 4.491 
4500000, 15.974, 71.738, 5.018,   0.995,    0.786,   0.000, 15.973, 1000000000.000, 0.070, 1.000, 4.491 
4520000, 15.425, 69.262, 5.020,   0.995,    0.786,   0.000, 15.422, 1000000000.000, 0.072, 1.000, 4.491 
4510000, 15.819, 71.052, 5.018,   0.995,    0.785,   0.000, 15.819, 1000000000.000, 0.071, 1.000, 4.492 
4490000, 19.858, 89.182, 5.023,   0.995,    0.788,   0.000, 19.857, 1000000000.000, 0.056, 1.000, 4.491 
4560000, 16.446, 73.858, 5.018,   0.995,    0.791,   0.000, 16.446, 1000000000.000, 0.068, 1.000, 4.491 
4570000, 15.313, 68.777, 5.019,   0.995,    0.789,   0.000, 15.313, 1000000000.000, 0.073, 1.000, 4.492 
4540000, 19.964, 89.663, 5.023,   0.995,    0.787,   0.000, 19.963, 1000000000.000, 0.056, 1.000, 4.491 
4530000, 20.810, 93.458, 5.024,   0.995,    0.789,   0.000, 20.810, 1000000000.000, 0.054, 1.000, 4.491 
4550000, 21.400, 96.115, 5.025,   0.995,    0.790,   0.000, 21.399, 1000000000.000, 0.052, 1.000, 4.491 
4580000, 16.811, 75.504, 5.019,   0.995,    0.788,   0.000, 16.810, 1000000000.000, 0.066, 1.000, 4.492 
4590000, 16.237, 72.927, 5.019,   0.995,    0.788,   0.000, 16.237, 1000000000.000, 0.069, 1.000, 4.492 
4600000, 19.648, 88.245, 5.022,   0.995,    0.789,   0.000, 19.647, 1000000000.000, 0.057, 1.000, 4.492 
4610000, 19.116, 85.859, 5.022,   0.995,    0.792,   0.000, 19.116, 1000000000.000, 0.058, 1.000, 4.492 
4640000, 17.606, 79.071, 5.021,   0.995,    0.791,   0.000, 17.606, 1000000000.000, 0.063, 1.000, 4.491 
4670000, 15.957, 71.668, 5.018,   0.995,    0.791,   0.000, 15.956, 1000000000.000, 0.070, 1.000, 4.492 
4630000, 21.077, 94.657, 5.025,   0.996,    0.795,   0.000, 21.076, 1000000000.000, 0.053, 1.000, 4.491 
4620000, 21.914, 98.416, 5.025,   0.995,    0.793,   0.000, 21.913, 1000000000.000, 0.051, 1.000, 4.491 
4650000, 19.288, 86.624, 5.022,   0.995,    0.791,   0.000, 19.287, 1000000000.000, 0.058, 1.000, 4.491 
4680000, 17.292, 77.663, 5.020,   0.995,    0.795,   0.000, 17.292, 1000000000.000, 0.065, 1.000, 4.491 
4690000, 16.254, 72.999, 5.018,   0.995,    0.793,   0.000, 16.253, 1000000000.000, 0.069, 1.000, 4.491 
4660000, 21.661, 97.274, 5.025,   0.995,    0.795,   0.000, 21.659, 1000000000.000, 0.052, 1.000, 4.491 
4720000, 16.714, 75.066, 5.019,   0.995,    0.795,   0.000, 16.713, 1000000000.000, 0.067, 1.000, 4.491 
4700000, 18.345, 82.393, 5.021,   0.995,    0.793,   0.000, 18.344, 1000000000.000, 0.061, 1.000, 4.492 
4740000, 16.795, 75.432, 5.019,   0.995,    0.793,   0.000, 16.794, 1000000000.000, 0.067, 1.000, 4.492 
4750000, 17.396, 78.135, 5.020,   0.995,    0.796,   0.000, 17.396, 1000000000.000, 0.064, 1.000, 4.492 
4710000, 20.119, 90.362, 5.023,   0.995,    0.794,   0.000, 20.118, 1000000000.000, 0.056, 1.000, 4.492 
4730000, 20.101, 90.281, 5.023,   0.995,    0.795,   0.000, 20.100, 1000000000.000, 0.056, 1.000, 4.492 
4760000, 16.209, 72.797, 5.019,   0.995,    0.794,   0.000, 16.208, 1000000000.000, 0.069, 1.000, 4.491 
4780000, 15.862, 71.239, 5.025,   0.995,    0.797,   0.000, 15.861, 1000000000.000, 0.071, 1.000, 4.491 
4790000, 16.024, 71.970, 5.019,   0.995,    0.796,   0.000, 16.024, 1000000000.000, 0.070, 1.000, 4.492 
4810000, 15.282, 68.634, 5.020,   0.995,    0.798,   0.000, 15.281, 1000000000.000, 0.073, 1.000, 4.491 
4800000, 16.251, 72.981, 5.018,   0.995,    0.801,   0.000, 16.251, 1000000000.000, 0.069, 1.000, 4.491 
4770000, 21.555, 96.813, 5.024,   0.995,    0.798,   0.000, 21.555, 1000000000.000, 0.052, 1.000, 4.492 
4850000, 15.961, 71.646, 5.020,   0.995,    0.800,   0.000, 15.954, 1000000000.000, 0.070, 1.000, 4.491 
4830000, 21.804, 97.928, 5.024,   0.995,    0.799,   0.000, 21.804, 1000000000.000, 0.051, 1.000, 4.491 
4910000, 14.762, 66.302, 5.017,   0.995,    0.802,   0.000, 14.762, 1000000000.000, 0.076, 1.000, 4.492 
4840000, 24.934, 111.981, 5.028,   0.996,    0.800,   0.000, 24.933, 1000000000.000, 0.045, 1.000, 4.491 
4930000, 16.056, 72.105, 5.021,   0.995,    0.804,   0.000, 16.055, 1000000000.000, 0.070, 1.000, 4.491 
4890000, 19.759, 88.747, 5.022,   0.995,    0.801,   0.000, 19.759, 1000000000.000, 0.057, 1.000, 4.492 
4860000, 22.877, 102.746, 5.026,   0.995,    0.803,   0.000, 22.876, 1000000000.000, 0.049, 1.000, 4.491 
4870000, 21.847, 98.121, 5.027,   0.995,    0.801,   0.000, 21.846, 1000000000.000, 0.051, 1.000, 4.492 
4820000, 28.892, 129.761, 5.033,   0.996,    0.801,   0.000, 28.891, 1000000000.000, 0.039, 1.000, 4.491 
4950000, 15.227, 68.387, 5.017,   0.995,    0.803,   0.000, 15.227, 1000000000.000, 0.073, 1.000, 4.491 
4940000, 16.743, 75.202, 5.019,   0.995,    0.803,   0.000, 16.743, 1000000000.000, 0.067, 1.000, 4.492 
4880000, 23.447, 105.309, 5.026,   0.995,    0.802,   0.000, 23.446, 1000000000.000, 0.048, 1.000, 4.492 
4960000, 15.643, 70.255, 5.018,   0.995,    0.803,   0.000, 15.642, 1000000000.000, 0.071, 1.000, 4.491 
4900000, 22.077, 99.155, 5.026,   0.995,    0.803,   0.000, 22.076, 1000000000.000, 0.051, 1.000, 4.492 
4970000, 14.177, 63.673, 5.016,   0.995,    0.805,   0.000, 14.176, 1000000000.000, 0.079, 1.000, 4.492 
4920000, 20.726, 93.086, 5.024,   0.995,    0.803,   0.000, 20.725, 1000000000.000, 0.054, 1.000, 4.492 
4980000, 15.935, 71.476, 5.023,   0.995,    0.806,   0.000, 15.914, 1000000000.000, 0.070, 0.999, 4.491 
4990000, 12.661, 56.862, 5.015,   0.995,    0.804,   0.000, 12.660, 1000000000.000, 0.088, 1.000, 4.491 
5000000, 13.482, 60.540, 5.017,   0.995,    0.806,   0.000, 13.482, 1000000000.000, 0.083, 1.000, 4.491 
